id,first_name,last_name,email,gender
1,Frazier,Berth,fberth0@dion.ne.jp,Male
2,Mile,Cudbertson,mcudbertson1@ihg.com,Male
3,Leonelle,Danko,ldanko2@merriam-webster.com,Female
4,Glynis,Ajean,gajean3@deviantart.com,Female
5,Graham,Strevens,gstrevens4@nhs.uk,Agender
6,Dirk,Gillise,dgillise5@scientificamerican.com,Male
7,Gibby,Freak,gfreak6@clickbank.net,Male
8,Marlow,Hoffmann,mhoffmann7@plala.or.jp,Male
9,Germaine,Bleakman,gbleakman8@homestead.com,Male
10,David,O'Logan,dologan9@forbes.com,Male
